{
  "Right Option Key Sends" : 0,
  "Tags" : [

  ],
  "Ansi 12 Color" : {
    "Red Component" : 0.23137255012989044,
    "Color Space" : "sRGB",
    "Blue Component" : 0.78039216995239258,
    "Alpha Component" : 1,
    "Green Component" : 0.47450980544090271
  },
  "Ansi 2 Color" : {
    "Red Component" : 0.64705884456634521,
    "Color Space" : "sRGB",
    "Blue Component" : 0.61176472902297974,
    "Alpha Component" : 1,
    "Green Component" : 0.96470588445663452
  },
  "Draw Powerline Glyphs" : true,
  "Bold Color" : {
    "Red Component" : 0.83529412746429443,
    "Color Space" : "sRGB",
    "Blue Component" : 0.85098040103912354,
    "Alpha Component" : 1,
    "Green Component" : 0.80784314870834351
  },
  "Ansi 1 Color" : {
    "Red Component" : 0.98823529481887817,
    "Color Space" : "sRGB",
    "Blue Component" : 0.30196079611778259,
    "Alpha Component" : 1,
    "Green Component" : 0.39215686917304993
  },
  "Ansi 9 Color" : {
    "Red Component" : 0.98823529481887817,
    "Color Space" : "sRGB",
    "Blue Component" : 0.30196079611778259,
    "Alpha Component" : 1,
    "Green Component" : 0.39215686917304993
  },
  "Ansi 8 Color" : {
    "Red Component" : 0.49411764740943909,
    "Color Space" : "sRGB",
    "Blue Component" : 0.53333336114883423,
    "Alpha Component" : 1,
    "Green Component" : 0.42352941632270813
  },
  "Rows" : 25,
  "Default Bookmark" : "No",
  "Ansi 7 Color" : {
    "Red Component" : 0.83529412746429443,
    "Color Space" : "sRGB",
    "Blue Component" : 0.85098040103912354,
    "Alpha Component" : 1,
    "Green Component" : 0.80784314870834351
  },
  "Cursor Guide Color" : {
    "Red Component" : 0.21568627655506134,
    "Color Space" : "sRGB",
    "Blue Component" : 0.23529411852359772,
    "Alpha Component" : 1,
    "Green Component" : 0.18431372940540314
  },
  "Non-ASCII Anti Aliased" : true,
  "Use Bright Bold" : true,
  "Ansi 10 Color" : {
    "Red Component" : 0.64705884456634521,
    "Color Space" : "sRGB",
    "Blue Component" : 0.61176472902297974,
    "Alpha Component" : 1,
    "Green Component" : 0.96470588445663452
  },
  "Ambiguous Double Width" : false,
  "Jobs to Ignore" : [
    "rlogin",
    "ssh",
    "slogin",
    "telnet"
  ],
  "Ansi 15 Color" : {
    "Red Component" : 1,
    "Color Space" : "sRGB",
    "Blue Component" : 1,
    "Alpha Component" : 1,
    "Green Component" : 1
  },
  "Foreground Color" : {
    "Red Component" : 0.83529412746429443,
    "Color Space" : "sRGB",
    "Blue Component" : 0.85098040103912354,
    "Alpha Component" : 1,
    "Green Component" : 0.80784314870834351
  },
  "Working Directory" : "\/Users\/hnandiwada",
  "Special Font Config" : "{\"entries\":[{\"start\":9211,\"fontName\":\"UnicodeIECsymbol\",\"count\":4},{\"start\":9829,\"fontName\":\"Octicons\",\"count\":1},{\"start\":9889,\"fontName\":\"Octicons\",\"count\":1},{\"start\":11096,\"fontName\":\"UnicodeIECsymbol\",\"count\":1},{\"start\":57344,\"fontName\":\"Pomicons\",\"count\":11},{\"start\":57504,\"fontName\":\"PowerlineSymbols\",\"count\":3},{\"start\":57507,\"fontName\":\"PowerlineExtraSymbols\",\"count\":1},{\"start\":57520,\"fontName\":\"PowerlineSymbols\",\"count\":4},{\"start\":57524,\"fontName\":\"PowerlineExtraSymbols\",\"count\":21},{\"start\":57546,\"fontName\":\"PowerlineExtraSymbols\",\"count\":1},{\"start\":57548,\"fontName\":\"PowerlineExtraSymbols\",\"count\":8},{\"destination\":57856,\"start\":57344,\"fontName\":\"font-awesome-extension\",\"count\":170},{\"destination\":58112,\"start\":61440,\"fontName\":\"Weather Icons Regular\",\"count\":236},{\"destination\":58874,\"start\":58618,\"fontName\":\"Nerd Font File Types Regular\",\"count\":177},{\"destination\":59136,\"start\":58880,\"fontName\":\"icomoon\",\"count\":198},{\"start\":60000,\"fontName\":\"codicon\",\"count\":396},{\"start\":61440,\"fontName\":\"FontAwesome\",\"count\":736},{\"start\":62208,\"fontName\":\"font-logos\",\"count\":48},{\"destination\":62464,\"start\":61440,\"fontName\":\"Octicons\",\"count\":168},{\"destination\":62633,\"start\":62076,\"fontName\":\"Octicons\",\"count\":1},{\"destination\":62634,\"start\":61609,\"fontName\":\"Octicons\",\"count\":86},{\"destination\":62720,\"start\":61441,\"fontName\":\"Material Design Icons\",\"count\":2118},{\"start\":983041,\"fontName\":\"Material Design Icons Desktop\",\"count\":6896}],\"version\":1}",
  "Blinking Cursor" : false,
  "Disable Window Resizing" : true,
  "Sync Title" : false,
  "Prompt Before Closing 2" : false,
  "BM Growl" : true,
  "Mouse Reporting" : true,
  "Command" : "",
  "Description" : "Default",
  "Screen" : -1,
  "Selection Color" : {
    "Red Component" : 0.49411764740943909,
    "Color Space" : "sRGB",
    "Blue Component" : 0.53333336114883423,
    "Alpha Component" : 1,
    "Green Component" : 0.42352941632270813
  },
  "Columns" : 80,
  "Idle Code" : 0,
  "Ansi 13 Color" : {
    "Red Component" : 0.97647058963775635,
    "Color Space" : "sRGB",
    "Blue Component" : 0.44705882668495178,
    "Alpha Component" : 1,
    "Green Component" : 0.14901961386203766
  },
  "Custom Command" : "No",
  "ASCII Anti Aliased" : true,
  "Non Ascii Font" : "Monaco 12",
  "Vertical Spacing" : 1,
  "Use Bold Font" : true,
  "Option Key Sends" : 0,
  "Selected Text Color" : {
    "Red Component" : 0.83529412746429443,
    "Color Space" : "sRGB",
    "Blue Component" : 0.85098040103912354,
    "Alpha Component" : 1,
    "Green Component" : 0.80784314870834351
  },
  "Background Color" : {
    "Red Component" : 0.18431372940540314,
    "Color Space" : "sRGB",
    "Blue Component" : 0.20000000298023224,
    "Alpha Component" : 1,
    "Green Component" : 0.15686275064945221
  },
  "Character Encoding" : 4,
  "Ansi 11 Color" : {
    "Red Component" : 0.91372549533843994,
    "Color Space" : "sRGB",
    "Blue Component" : 0.64705884456634521,
    "Alpha Component" : 1,
    "Green Component" : 0.84313726425170898
  },
  "Use Italic Font" : true,
  "Unlimited Scrollback" : true,
  "Keyboard Map" : {
    "0x68-0x40000" : {
      "Action" : 10,
      "Text" : "b"
    },
    "0xf702-0x280000" : {
      "Action" : 10,
      "Text" : "b"
    },
    "0xf728-0x0" : {
      "Action" : 11,
      "Text" : "0x4"
    },
    "0x6c-0x40000" : {
      "Action" : 10,
      "Text" : "f"
    },
    "0xf702-0x300000" : {
      "Action" : 11,
      "Text" : "0x1"
    },
    "0xf728-0x80000" : {
      "Action" : 10,
      "Text" : "d"
    },
    "0x7f-0x100000" : {
      "Action" : 11,
      "Text" : "0x15"
    },
    "0xf703-0x280000" : {
      "Action" : 10,
      "Text" : "f"
    },
    "0xf703-0x300000" : {
      "Action" : 11,
      "Text" : "0x5"
    },
    "0x7f-0x80000" : {
      "Action" : 11,
      "Text" : "0x1b 0x7f"
    }
  },
  "Window Type" : 0,
  "Background Image Location" : "",
  "Blur" : false,
  "Badge Color" : {
    "Red Component" : 0.21568627655506134,
    "Color Space" : "sRGB",
    "Blue Component" : 0.23529411852359772,
    "Alpha Component" : 1,
    "Green Component" : 0.18431372940540314
  },
  "Scrollback Lines" : 0,
  "Send Code When Idle" : false,
  "Close Sessions On End" : true,
  "Terminal Type" : "xterm-256color",
  "Visual Bell" : true,
  "Flashing Bell" : false,
  "Silence Bell" : false,
  "Unicode Normalization" : 0,
  "Ansi 14 Color" : {
    "Red Component" : 0.45490196347236633,
    "Color Space" : "sRGB",
    "Blue Component" : 0.87058824300765991,
    "Alpha Component" : 1,
    "Green Component" : 0.82745099067687988
  },
  "ASCII Ligatures" : false,
  "Name" : "Default",
  "Cursor Text Color" : {
    "Red Component" : 0.18431372940540314,
    "Color Space" : "sRGB",
    "Blue Component" : 0.20000000298023224,
    "Alpha Component" : 1,
    "Green Component" : 0.15686275064945221
  },
  "Shortcut" : "",
  "Cursor Color" : {
    "Red Component" : 0.83529412746429443,
    "Color Space" : "sRGB",
    "Blue Component" : 0.85098040103912354,
    "Alpha Component" : 1,
    "Green Component" : 0.80784314870834351
  },
  "Transparency" : 0,